{
    "loss": 15.339768409729004,
    "accuracy": 0.5179855823516846
}